<?xml version="1.0" encoding="UTF-8"?>
<beans xmlns="http://www.springframework.org/schema/beans"
xmlns:xsi="http://www.w3.org/2001/XMLSchema-instance"
xmlns:context="http://www.springframework.org/schema/context"
xsi:schemaLocation="http://www.springframework.org/schema/beans
http://www.springframework.org/schema/beans/spring-beans.xsd
http://www.springframework.org/schema/context
http://www.springframework.org/schema/context/spring-context.xsd">



<bean id="studentid" class="com.model.Student" scope="singleton">
<property name="studNo" value="123"></property>
<property name="studentName" value="Gm"></property>
<property name="age" value="60"></property>

</bean>

<bean id="student2" class="com.model.Student" scope="singleton">
<property name="studNo" value="588"></property>
<property name="studentName" value="ge"></property>
<property name="age" value="90"></property>

</bean>



<bean id="teacher" class="com.model.Teacher" scope="singleton">
<property name="teachId" value="12387"></property>
<property name="teachName" value="pragya"></property>
<property name="qualification" value="10"></property>







</bean>

</beans>